{"cameraMode":{"drawMode":0,"name":"Shaded","section":"Shading Mode"},"sceneLighting":true,"audioPlay":false,"sceneViewState":{"showFog":true,"showMaterialUpdate":false,"showSkybox":true,"showFlares":true,"showImageEffects":true,"showParticleSystems":true},"in2DMode":false,"pivot":{"x":11.914501190185547,"y":-23.325899124145509,"z":42.73804473876953},"rotation":{"x":-0.3067364990711212,"y":-0.05753825977444649,"z":0.01849924959242344,"w":-0.9500057697296143},"size":45.384178161621097,"orthographic":false}